INSERT INTO Course VALUES ('C1PYT',N'Python cơ bản',N'Làm quen và nắm bắt những kiến thức căn bản của Python','O',300000.00)
  INSERT INTO Course VALUES ('C2ALG',N'Thuật toán trong Machine Learning',N'Giới thiệu các thuật toán phổ biến trong Machine Learning dành cho newbie','O',900000.00)
  INSERT INTO Course VALUES ('C3MOD',N'Model trong Deep Learning',N'Nhập môn Deep Learning bằng việc làm quen với các model như CNN, RNN, LSTM','O',650000.00)
  INSERT INTO Course VALUES ('C4DAT',N'Xử lý và phân tích data',N'Học xử lý data bằng Pandas và analysis bằng Matplot hay Seaborn','O',500000.00)
  INSERT INTO Course VALUES ('C5SPK',N'Phát âm như người bản xứ',N'Học phát âm tiếng Anh chuẩn xác và tự nhiên với giáo viên là người bản địa','F',750000.00)
  INSERT INTO Course VALUES ('C6GRA',N'Ngữ pháp tiếng Anh căn bản',N'Tổng hợp ngữ pháp Tiếng Anh sử dụng phổ biến','O',300000.00)
  INSERT INTO Course VALUES ('C7ROT',N'AI cho Robotics',N'Học cách lập trình AI cho robot','F',999999.99)
  INSERT INTO Course VALUES ('C8VOC',N'600 từ vựng căn bản',N'600 từ vựng cần thiết và căn bản phải biết trong Toeic','O',400000.00)
  INSERT INTO Course VALUES ('C9SPK',N'Luyện phát âm căn bản',N'Học phát âm 44 âm cơ bản tự nhiên và chuẩn xác','F',400000.00)
  INSERT INTO Course VALUES ('C10LI',N'Nghe tiếng Anh căn bản',N'Hướng dẫn kĩ năng nghe và luyện nghe những đoạn hội thoại về những chủ đề phổ biến','F',600000.00)
  INSERT INTO Course VALUES ('C11ML',N'Nhập môn Machine Learning',N'Giới thiệu và làm quen các kiến thức căn bản một cách tổng quát về Machine Learning','O',999999.99)
  INSERT INTO Course VALUES ('C12EC',N'Từ vựng theo chủ đề Kinh tế',N'Nắm vững các từ vựng liên quan đến kinh tế thị trường và cách sử dụng phù hợp trong môi trường làm việc','F',300000.00)*/

  INSERT INTO Lesson VALUES ('C2ALG','L1',N'Linear Regression')
  INSERT INTO Lesson VALUES ('C2ALG','L2',N'Linear Discriminant Analysis')
  INSERT INTO Lesson VALUES ('C3MOD','L3',N'Giới thiệu model CNN')
  INSERT INTO Lesson VALUES ('C1PYT','L4',N'Array trong Python')
  INSERT INTO Lesson VALUES ('C1PYT','L5',N'Numpy trong Python')
  INSERT INTO Lesson VALUES ('C4DAT','L6',N'Xử lý data bằng Pandas')
  INSERT INTO Lesson VALUES ('C4DAT','L7',N'Phân tích data bằng Matplot')
  INSERT INTO Lesson VALUES ('C6GRA','L8',N'Thì hiện tại đơn')
  INSERT INTO Lesson VALUES ('C6GRA','L9',N'Comparison')
  INSERT INTO Lesson VALUES ('C12EC','Q1',N'Từ vựng lĩnh vực Chứng khoán')
  INSERT INTO Lesson VALUES ('C12EC','Q2',N'Từ vựng lĩnh vực Bất động sản')
  INSERT INTO Lesson VALUES ('C6GRA','Q3',N'Câu bị động')
  INSERT INTO Lesson VALUES ('C1PYT','Q4',N'Matrix trong Python')
  INSERT INTO Lesson VALUES ('C3MOD','Q5',N'Giới thiệu model RNN')
  INSERT INTO Lesson VALUES ('C3MOD','Q6',N'Giới thiệu model LSTM')
  INSERT INTO Lesson VALUES ('C2ALG','Q7',N'Naive Bayes')


  INSERT INTO Curriculum VALUES ('MLCUR',N'Lộ trình học Machine Learning',N'Một cách học Machine learning thật hiệu quả cho các bạn không có kinh nghiệm nghiên cứu khoa học')
  INSERT INTO Curriculum VALUES ('ELCUR',N'Lộ trình học Toeic 300+',N'Lộ trình học Toeic hiệu quả dành cho những bạn mất gốc tiếng Anh')

  INSERT INTO Topic VALUES ('AITOP',N'Trí tuệ nhân tạo',N'Những trí tuệ có thể tư duy, suy nghĩ, học hỏi như trí tuệ con người; xử lý dữ liệu ở mức rộng lớn hơn, quy mô hơn, hệ thống, khoa học và nhanh hơn so với con người')
  INSERT INTO Topic VALUES ('ELTOP',N'Ngoại ngữ Anh-Mỹ',N'Một trong những ngôn ngữ thông dụng nhất quốc tế, phương tiện giao tiếp của những con người đến từ những quốc gia khác nhau')

  INSERT INTO Curricourse VALUES ('MLCUR','C1PYT')
  INSERT INTO Curricourse VALUES ('MLCUR','C2ALG')
  INSERT INTO Curricourse VALUES ('MLCUR','C3MOD')
  INSERT INTO Curricourse VALUES ('MLCUR','C4DAT')

  INSERT INTO Curricourse VALUES ('ELCUR','C6GRA')
  INSERT INTO Curricourse VALUES ('ELCUR','C8VOC')
  INSERT INTO Curricourse VALUES ('ELCUR','C9SPK')
  INSERT INTO Curricourse VALUES ('ELCUR','C10LI')

  INSERT INTO Topiccourse VALUES ('AITOP','C3MOD')
  INSERT INTO Topiccourse VALUES ('AITOP','C4DAT')
  INSERT INTO Topiccourse VALUES ('AITOP','C7ROT')
  INSERT INTO Topiccourse VALUES ('AITOP','C11ML')
 
  INSERT INTO Topiccourse VALUES ('ELTOP','C5SPK')
  INSERT INTO Topiccourse VALUES ('ELTOP','C6GRA')
  INSERT INTO Topiccourse VALUES ('ELTOP','C12EC')